Master Record Number,Date,Weekend?,Hour,Collision Type,Injury Type,Primary Factor,Reported_Location,Latitude,Longitude,Location,Number of Bars,Weather Condition,Moon phase
902442493,2015-05-07,Weekend,1500,2-Car,No injury/unknown,UNSAFE BACKING,E 17TH,39.179008,-86.525888,"39.179008,-86.525888",33,Clear,Waning Gibbous
902493439,2015-08-02,Weekday,1200,2-Car,No injury/unknown,OTHER (DRIVER) - EXPLAIN IN NARRATIVE,S LIBERTY & W 3RD,39.16461021,-86.57913006,"39.16461021,-86.57913006",5,Clear,Waxing Gibbous
902446794,2015-05-02,Weekday,0,1-Car,No injury/unknown,ANIMAL/OBJECT IN ROADWAY,FOX HOLLOW & SR37N,39.28536159,-86.52063038,"39.28536159,-86.52063038",0,Clear,Waxing Gibbous
902407181,2015-03-02,Weekday,1200,2-Car,No injury/unknown,UNSAFE LANE MOVEMENT,N BRYANTS CREEK & SR37N,39.33204816,-86.51427777,"39.33204816,-86.51427777",0,Partly cloudy,Waxing Gibbous
902484784,2015-07-07,Weekend,2100,2-Car,No injury/unknown,IMPROPER LANE USAGE,ST RD 45 46,39.186352,-86.531696,"39.186352,-86.531696",2,Partly cloudy,Waning Gibbous
902446248,2015-05-07,Weekend,1300,2-Car,No injury/unknown,FAILURE TO YIELD RIGHT OF WAY,11TH & ROGERS,39.173184,-86.538528,"39.173184,-86.538528",40,Clear,Waning Gibbous
902487088,2015-07-04,Weekday,1900,2-Car,Non-incapacitating,FAILURE TO YIELD RIGHT OF WAY,GATES & WEST THIRD,39.16459009,-86.57619975,"39.16459009,-86.57619975",5,Cloudy,Waning Gibbous
902440959,2015-05-03,Weekday,2300,1-Car,No injury/unknown,ANIMAL/OBJECT IN ROADWAY,S HARMONY & SR45W,39.11068027,-86.638854,"39.11068027,-86.638854",0,Clear,Full Moon
902468608,2015-06-02,Weekday,2100,Cyclist,Non-incapacitating,IMPROPER TURNING,E 3RD & S HILLSDALE,39.164272,-86.502416,"39.164272,-86.502416",6,Partly cloudy,Full Moon
902572978,2015-11-07,Weekend,1800,2-Car,No injury/unknown,SPEED TOO FAST FOR WEATHER CONDITIONS,WALNUT STREET & WINSLOW,39.1359897,-86.52879975,"39.1359897,-86.52879975",1,Cloudy,Waning Crescent
902552046,2015-11-01,Weekday,2100,1-Car,Incapacitating,RAN OFF ROAD RIGHT,E CHAMBERS,39.30432,-86.5168,"39.30432,-86.5168",0,Overcast,Waning Gibbous
902413423,2015-03-05,Weekday,1300,2-Car,No injury/unknown,FOLLOWING TOO CLOSELY,FLATWOODS & SR46W,39.25347374,-86.65441007,"39.25347374,-86.65441007",0,Overcast,Full Moon
902443426,2015-05-02,Weekday,1300,1-Car,Incapacitating,RAN OFF ROAD RIGHT,SR45E & TUNNEL,39.23075611,-86.42494389,"39.23075611,-86.42494389",0,Clear,Waxing Gibbous
902430569,2015-04-06,Weekday,1800,Moped/Motorcycle,Incapacitating,RAN OFF ROAD RIGHT,EAST SALT CREEK & SR446,39.0884819,-86.42079925,"39.0884819,-86.42079925",0,Clear,Waxing Gibbous
902383811,2015-01-06,Weekday,1600,3+ Cars,Incapacitating,DISREGARD SIGNAL/REG SIGN,EAST 17TH & SR46,39.17979888,-86.50723113,"39.17979888,-86.50723113",1,Light freezing rain,Full Moon
902475976,2015-07-03,Weekday,1000,2-Car,No injury/unknown,SPEED TOO FAST FOR WEATHER CONDITIONS,3RD & INDIANA,39.164448,-86.5268,"39.164448,-86.5268",43,Moderate or heavy rain shower,Waxing Gibbous
902382482,2015-01-04,Weekday,1500,3+ Cars,Non-incapacitating,BRAKE FAILURE OR DEFECTIVE,CORY & THIRD,39.164544,-86.560096,"39.164544,-86.560096",4,Patchy rain possible,Waxing Gibbous
902423612,2015-04-07,Weekend,1000,2-Car,No injury/unknown,FAILURE TO YIELD RIGHT OF WAY,HICKORY LEAF & SR45W,39.14499486,-86.57788929,"39.14499486,-86.57788929",1,Patchy rain possible,Waning Gibbous
902524311,2015-09-01,Weekend,1300,2-Car,No injury/unknown,UNSAFE LANE MOVEMENT,10TH & COLLEGE,39.171744,-86.534768,"39.171744,-86.534768",39,Partly cloudy,Waning Gibbous
902549756,2015-10-06,Weekday,1400,2-Car,No injury/unknown,,123 S KINGSTON & LONGVIEW,39.166848,-86.4928,"39.166848,-86.4928",6,Clear,Last Quarter
902558378,2015-11-02,Weekday,1400,2-Car,No injury/unknown,FAILURE TO YIELD RIGHT OF WAY,SHARP & SR46W,39.23585459,-86.62777953,"39.23585459,-86.62777953",1,Clear,Waning Gibbous
902500214,2015-08-07,Weekend,700,2-Car,Incapacitating,LEFT OF CENTER,OLD ST 37 & W HOBART,39.01368968,-86.5409537,"39.01368968,-86.5409537",0,Clear,Last Quarter
902505999,2015-08-02,Weekday,1900,2-Car,Non-incapacitating,FOLLOWING TOO CLOSELY,10TH & JORDAN,39.171552,-86.515728,"39.171552,-86.515728",14,Clear,Waxing Gibbous
902483812,2015-07-06,Weekday,600,1-Car,No injury/unknown,ANIMAL/OBJECT IN ROADWAY,SR37S & TAPP,39.13978646,-86.57292991,"39.13978646,-86.57292991",1,Clear,Waning Gibbous
902552090,2015-11-02,Weekday,1400,2-Car,Non-incapacitating,FAILURE TO YIELD RIGHT OF WAY,MILLER & WALNUT,39.14681026,-86.53250397,"39.14681026,-86.53250397",4,Clear,Waning Gibbous
902554125,2015-11-04,Weekday,1200,2-Car,No injury/unknown,FAILURE TO YIELD RIGHT OF WAY,E WINSLOW & SO WALNUT STREET,39.136144,-86.528688,"39.136144,-86.528688",1,Clear,Last Quarter
902483339,2015-07-05,Weekday,1300,2-Car,No injury/unknown,IMPROPER TURNING,LIBERTY,39.145152,-86.5776,"39.145152,-86.5776",1,Partly cloudy,Waning Gibbous
902503404,2015-08-04,Weekday,1700,2-Car,Non-incapacitating,FAILURE TO YIELD RIGHT OF WAY,PROFILE & SR48W,39.1647376,-86.5925978,"39.1647376,-86.5925978",2,Clear,Waning Gibbous
902461010,2015-06-05,Weekday,1500,Bus,No injury/unknown,UNSAFE LANE MOVEMENT,E 3RD & FACULTY,39.164352,-86.521088,"39.164352,-86.521088",41,Partly cloudy,Waning Gibbous
902578255,2015-12-01,Weekend,1200,Bus,No injury/unknown,FAILURE TO YIELD RIGHT OF WAY,SALE & SR46W,39.23384,-86.624704,"39.23384,-86.624704",1,Overcast,Waning Gibbous
902538466,2015-10-03,Weekday,2100,Pedestrian,Non-incapacitating,HEADLIGHT DEFECTIVE OR NOT ON,4TH & GRANT,39.165648,-86.529712,"39.165648,-86.529712",43,Heavy rain at times,Waning Gibbous
902398178,2015-02-05,Weekday,1700,2-Car,No injury/unknown,FAILURE TO YIELD RIGHT OF WAY,DIXIE & FAIRVIEW,39.156752,-86.540976,"39.156752,-86.540976",41,Clear,Waxing Gibbous
902463462,2015-06-02,Weekday,1300,2-Car,No injury/unknown,IMPROPER TURNING,N WALNUT,39.16871445,-86.53356669,"39.16871445,-86.53356669",41,Partly cloudy,Full Moon
902578478,2015-12-07,Weekend,2100,1-Car,No injury/unknown,DRIVER ASLEEP OR FATIGUED,3315 E LONGVIEW & KINGSTON,39.166848,-86.4928,"39.166848,-86.4928",6,Patchy rain possible,Waning Crescent
902540528,2015-10-06,Weekend,2100,2-Car,No injury/unknown,FOLLOWING TOO CLOSELY,2ND & WALKER,39.16142978,-86.54614023,"39.16142978,-86.54614023",36,Clear,Last Quarter
902417101,2015-03-01,Weekend,1400,2-Car,No injury/unknown,FOLLOWING TOO CLOSELY,2ND & PATTERSON,39.16074984,-86.54850997,"39.16074984,-86.54850997",33,Patchy moderate snow,Waxing Gibbous
902445988,2015-05-06,Weekend,1900,2-Car,No injury/unknown,UNSAFE BACKING,E 3RD,39.164272,-86.50177208,"39.164272,-86.50177208",6,Clear,Waning Gibbous
902470606,2015-06-06,Weekday,1800,2-Car,No injury/unknown,OTHER (DRIVER) - EXPLAIN IN NARRATIVE,CURRY & GIFFORD,39.156896,-86.582704,"39.156896,-86.582704",4,Clear,Waning Gibbous
902603734,2015-12-02,Weekday,700,1-Car,No injury/unknown,RAN OFF ROAD RIGHT,FAIRFAX & WALNUT STREET,39.10715819,-86.52650724,"39.10715819,-86.52650724",0,Clear,Waning Gibbous
902572065,2015-11-05,Weekday,2000,2-Car,No injury/unknown,LEFT OF CENTER,CHAFIN CHAPEL & RED HILL,39.31249031,-86.63475975,"39.31249031,-86.63475975",0,Overcast,Last Quarter
902372873,2015-01-01,Weekend,1100,1-Car,Non-incapacitating,ANIMAL/OBJECT IN ROADWAY,DELAP,39.250778,-86.615867,"39.250778,-86.615867",0,Clear,Waxing Gibbous
902377198,2015-01-01,Weekend,900,1-Car,Incapacitating,SPEED TOO FAST FOR WEATHER CONDITIONS,FRIENDSHIP & SR46,39.15149145,-86.40317983,"39.15149145,-86.40317983",0,Clear,Waxing Gibbous
902413711,2015-03-05,Weekday,2000,1-Car,No injury/unknown,ANIMAL/OBJECT IN ROADWAY,WALCOTT & WOODYARD,39.20263934,-86.60293007,"39.20263934,-86.60293007",0,Overcast,Full Moon
902547780,2015-10-03,Weekday,1600,2-Car,No injury/unknown,SPEED TOO FAST FOR WEATHER CONDITIONS,S WALNUT & W GRIMES,39.15344,-86.5336,"39.15344,-86.5336",24,Heavy rain at times,Waning Gibbous
902413088,2015-03-06,Weekday,1600,1-Car,No injury/unknown,UNSAFE BACKING,EAST 3RD,39.16464,-86.5324,"39.16464,-86.5324",43,Clear,Full Moon
902420166,2015-03-06,Weekday,1500,2-Car,No injury/unknown,FOLLOWING TOO CLOSELY,RANGE & SR46S,39.17522812,-86.49550628,"39.17522812,-86.49550628",5,Clear,Full Moon
902538414,2015-10-02,Weekday,1500,2-Car,No injury/unknown,FAILURE TO YIELD RIGHT OF WAY,S STRAIN RIDGE,39.07112,-86.507008,"39.07112,-86.507008",0,Clear,Waning Gibbous
902417363,2015-03-02,Weekday,700,2-Car,Non-incapacitating,FAILURE TO YIELD RIGHT OF WAY,S LEONARD SPRINGS & W LEONARD SPRINGS,39.126976,-86.582464,"39.126976,-86.582464",0,Partly cloudy,Waxing Gibbous
902422365,2015-03-03,Weekday,2100,2-Car,Incapacitating,LEFT OF CENTER,SR37 & VICTOR,39.10328611,-86.54911173,"39.10328611,-86.54911173",0,Cloudy,Waxing Gibbous
902513424,2015-09-03,Weekday,1000,2-Car,No injury/unknown,OTHER (DRIVER) - EXPLAIN IN NARRATIVE,6TH & GRANT,39.16743734,-86.529696,"39.16743734,-86.529696",42,Clear,Waning Gibbous
902552395,2015-11-02,Weekday,1800,2-Car,No injury/unknown,IMPROPER LANE USAGE,EAST HIGH & EAST MOORES,39.15048257,-86.50844643,"39.15048257,-86.50844643",4,Clear,Waning Gibbous
902428732,2015-04-03,Weekday,900,2-Car,No injury/unknown,DRIVER DISTRACTED - EXPLAIN IN NARRATIVE,HICKORY & SR48,39.164832,-86.585856,"39.164832,-86.585856",4,Heavy rain at times,Full Moon
902451275,2015-05-03,Weekday,900,2-Car,Non-incapacitating,DISREGARD SIGNAL/REG SIGN,CURRY & SR 45,39.142048,-86.582592,"39.142048,-86.582592",1,Clear,Full Moon
902480018,2015-07-03,Weekday,0,1-Car,No injury/unknown,SPEED TOO FAST FOR WEATHER CONDITIONS,4625 W GIFFORD & S ENDWRIGHT,39.151344,-86.5964,"39.151344,-86.5964",1,Moderate or heavy rain shower,Waxing Gibbous
902379834,2015-01-07,Weekend,1700,2-Car,No injury/unknown,FAILURE TO YIELD RIGHT OF WAY,7TH & WASHINGTON,39.16864,-86.5324,"39.16864,-86.5324",42,Overcast,Waxing Gibbous
902406010,2015-03-02,Weekday,1000,2-Car,No injury/unknown,UNSAFE BACKING,S LANDMARK,39.1593799,-86.5537101,"39.1593799,-86.5537101",7,Partly cloudy,Waxing Gibbous
902469953,2015-06-06,Weekday,0,1-Car,No injury/unknown,SPEED TOO FAST FOR WEATHER CONDITIONS,S LEONARD SPRINGS & W LIZZY,39.1987365,-86.59514017,"39.1987365,-86.59514017",0,Clear,Waning Gibbous
902560116,2015-11-04,Weekday,1200,2-Car,No injury/unknown,OTHER (DRIVER) - EXPLAIN IN NARRATIVE,N JACOBS,39.1702919,-86.57196044,"39.1702919,-86.57196044",5,Clear,Last Quarter
902425721,2015-04-04,Weekday,1600,2-Car,No injury/unknown,FAILURE TO YIELD RIGHT OF WAY,LONGVIEW & PETE ELLIS,39.166944,-86.495056,"39.166944,-86.495056",6,Cloudy,Full Moon
902446533,2015-05-01,Weekend,700,1-Car,No injury/unknown,ANIMAL/OBJECT IN ROADWAY,SR37N & TAPP,39.14390618,-86.57297357,"39.14390618,-86.57297357",1,Clear,Waxing Gibbous
902552020,2015-11-02,Weekday,1200,2-Car,No injury/unknown,FAILURE TO YIELD RIGHT OF WAY,3RD & SWAIN,39.16425012,-86.51525996,"39.16425012,-86.51525996",12,Clear,Waning Gibbous
902403245,2015-02-05,Weekday,1800,2-Car,No injury/unknown,FOLLOWING TOO CLOSELY,SR45W,39.125312,-86.610496,"39.125312,-86.610496",0,Clear,Waxing Gibbous
902403272,2015-02-05,Weekday,2000,1-Car,No injury/unknown,OTHER (DRIVER) - EXPLAIN IN NARRATIVE,S OLD SR 37,39.137088,-86.53056,"39.137088,-86.53056",1,Clear,Waxing Gibbous
902412120,2015-03-01,Weekend,0,3+ Cars,Non-incapacitating,DRIVER DISTRACTED - EXPLAIN IN NARRATIVE,SR46S & THIRD,39.16424006,-86.49827018,"39.16424006,-86.49827018",6,Patchy moderate snow,Waxing Gibbous
902365759,2015-01-02,Weekday,700,2-Car,No injury/unknown,FAILURE TO YIELD RIGHT OF WAY,446 & SR46E,39.16692661,-86.4572165,"39.16692661,-86.4572165",0,Clear,Waxing Gibbous
902492510,2015-08-07,Weekend,900,2-Car,No injury/unknown,FOLLOWING TOO CLOSELY,SR37N & VERNAL,39.176544,-86.5624,"39.176544,-86.5624",3,Clear,Last Quarter
902551297,2015-10-04,Weekday,2100,1-Car,No injury/unknown,UNSAFE BACKING,W HENNESSEY,39.12535477,-86.55380249,"39.12535477,-86.55380249",0,Cloudy,Last Quarter
902453660,2015-05-06,Weekday,1500,2-Car,Incapacitating,FOLLOWING TOO CLOSELY,SR37 & W VERNAL,39.176544,-86.5624,"39.176544,-86.5624",3,Clear,Waning Gibbous
902485653,2015-07-01,Weekday,1900,2-Car,No injury/unknown,IMPROPER LANE USAGE,N WALNUT & W 7TH,39.16864,-86.533568,"39.16864,-86.533568",41,Clear,Full Moon
902540330,2015-10-06,Weekday,1100,Cyclist,Non-incapacitating,FAILURE TO YIELD RIGHT OF WAY,7TH & JORDAN,39.16916292,-86.51599183,"39.16916292,-86.51599183",18,Clear,Last Quarter
902595654,2015-12-02,Weekday,900,2-Car,No injury/unknown,UNSAFE BACKING,1800 N RANGE RD & RANGE,39.184208,-86.492816,"39.184208,-86.492816",1,Clear,Waning Gibbous
902519569,2015-09-03,Weekday,1300,1-Car,No injury/unknown,ANIMAL/OBJECT IN ROADWAY,8500 LITTLE WOLF MOUNTAIN & MT CARMEL,39.08413996,-86.66274391,"39.08413996,-86.66274391",0,Clear,Waning Gibbous
902424706,2015-04-01,Weekday,2100,1-Car,No injury/unknown,ANIMAL/OBJECT IN ROADWAY,SOUTH SHORE & TUNNEL,39.25155829,-86.41900164,"39.25155829,-86.41900164",0,Clear,Waxing Gibbous
902579815,2015-12-06,Weekday,1600,2-Car,No injury/unknown,ENGINE FAILURE OR DEFECTIVE,W SIERRA,39.15266671,-86.58359594,"39.15266671,-86.58359594",2,Clear,Waning Crescent
902569840,2015-11-02,Weekday,2200,1-Car,No injury/unknown,UNSAFE SPEED,BARR & MT TABOR,39.273888,-86.621456,"39.273888,-86.621456",0,Clear,Waning Gibbous
902378525,2015-01-04,Weekday,1800,1-Car,No injury/unknown,ANIMAL/OBJECT IN ROADWAY,ADAMS & ALLEN,39.155943,-86.55112098,"39.155943,-86.55112098",23,Patchy rain possible,Waxing Gibbous
902546099,2015-10-02,Weekday,1100,2-Car,No injury/unknown,UNSAFE BACKING,S LIBERTY,39.145264,-86.577616,"39.145264,-86.577616",1,Clear,Waning Gibbous
902591166,2015-12-02,Weekday,1900,2-Car,No injury/unknown,OTHER (DRIVER) - EXPLAIN IN NARRATIVE,SOUTH OLD STATE ROAD 37,39.120239,-86.52938,"39.120239,-86.52938",0,Clear,Waning Gibbous
902540116,2015-09-04,Weekday,1300,2-Car,No injury/unknown,UNSAFE BACKING,3RD,39.16464,-86.56905455,"39.16464,-86.56905455",6,Clear,Waning Gibbous
902558314,2015-11-02,Weekday,1600,2-Car,Non-incapacitating,FOLLOWING TOO CLOSELY,E 10TH & S PETE ELLIS,39.171504,-86.495312,"39.171504,-86.495312",5,Clear,Waning Gibbous
902531964,2015-10-06,Weekday,1500,2-Car,No injury/unknown,FAILURE TO YIELD RIGHT OF WAY,3RD & PETE ELLIS,39.16424,-86.495088,"39.16424,-86.495088",6,Clear,Last Quarter
902410684,2015-03-02,Weekday,1400,2-Car,No injury/unknown,UNSAFE BACKING,NORTH FAIRVIEW & WEST KIRKWOOD,39.166704,-86.5408,"39.166704,-86.5408",43,Partly cloudy,Waxing Gibbous
902520682,2015-09-07,Weekend,1500,1-Car,No injury/unknown,SPEED TOO FAST FOR WEATHER CONDITIONS,CHAPEL HILL & SR446N,39.02483704,-86.40536989,"39.02483704,-86.40536989",0,Clear,Last Quarter
902390036,2015-02-07,Weekend,1300,2-Car,No injury/unknown,FOLLOWING TOO CLOSELY,WALNUT & WINSLOW,39.136144,-86.528688,"39.136144,-86.528688",1,Clear,Waning Gibbous
902530796,2015-09-04,Weekday,2300,2-Car,No injury/unknown,FAILURE TO YIELD RIGHT OF WAY,S ROGERS & W 2ND,39.16152,-86.538592,"39.16152,-86.538592",43,Clear,Waning Gibbous
902577974,2015-12-07,Weekend,1900,1-Car,Incapacitating,UNSAFE SPEED,FISH & LYDY,39.284592,-86.479968,"39.284592,-86.479968",0,Patchy rain possible,Waning Crescent
902412089,2015-03-04,Weekday,1800,2-Car,No injury/unknown,FAILURE TO YIELD RIGHT OF WAY,INDRUSTRIAL & SR45W,39.14359867,-86.58030842,"39.14359867,-86.58030842",1,Heavy rain at times,Waxing Gibbous
902528252,2015-09-07,Weekend,2300,2-Car,No injury/unknown,UNSAFE LANE MOVEMENT,E 3RD & S HIGHLAND,39.16427024,-86.51772022,"39.16427024,-86.51772022",31,Clear,Last Quarter
902575106,2015-11-02,Weekday,900,2-Car,No injury/unknown,LEFT OF CENTER,BETHEL & SR45E,39.214406,-86.45631982,"39.214406,-86.45631982",0,Clear,Waning Gibbous
902432124,2015-04-02,Weekday,700,2-Car,No injury/unknown,IMPROPER TURNING,E KIRKWOOD,39.16677127,-86.54552653,"39.16677127,-86.54552653",40,Clear,Waxing Gibbous
902526293,2015-09-03,Weekday,1700,2-Car,No injury/unknown,FOLLOWING TOO CLOSELY,3RD & CLIFTON,39.1642803,-86.50968968,"39.1642803,-86.50968968",6,Clear,Waning Gibbous
902403572,2015-02-06,Weekday,800,2-Car,No injury/unknown,FAILURE TO YIELD RIGHT OF WAY,E 10TH & N INDIANA,39.17168,-86.527024,"39.17168,-86.527024",40,Clear,Waxing Gibbous
902561398,2015-11-06,Weekday,700,1-Car,No injury/unknown,OTHER (VEHICLE) - EXPLAIN IN NARRATIVE,PATTERSON,39.153488,-86.541496,"39.153488,-86.541496",25,Overcast,Last Quarter
902373417,2015-01-03,Weekday,1700,2-Car,No injury/unknown,DISREGARD SIGNAL/REG SIGN,3RD & SR37,39.164752,-86.573104,"39.164752,-86.573104",5,Patchy moderate snow,Waxing Gibbous
902535457,2015-10-03,Weekday,1900,2-Car,No injury/unknown,OTHER (DRIVER) - EXPLAIN IN NARRATIVE,N BRYAN,39.14184,-86.5364,"39.14184,-86.5364",2,Heavy rain at times,Waning Gibbous
902524052,2015-09-07,Weekend,1600,2-Car,No injury/unknown,UNSAFE LANE MOVEMENT,9TH & INDIANA,39.170544,-86.526992,"39.170544,-86.526992",40,Clear,Last Quarter
902375946,2015-01-07,Weekend,1500,2-Car,No injury/unknown,UNSAFE BACKING,E 10TH,39.17168,-86.527024,"39.17168,-86.527024",40,Overcast,Waxing Gibbous
902444540,2015-05-04,Weekday,1200,2-Car,Non-incapacitating,DISREGARD SIGNAL/REG SIGN,SR37 & SR45W,39.148144,-86.572992,"39.148144,-86.572992",1,Clear,Full Moon
902507438,2015-08-04,Weekday,300,2-Car,Incapacitating,LEFT OF CENTER,HARMONY & SR45W,39.111024,-86.638304,"39.111024,-86.638304",0,Clear,Waning Gibbous
902501150,2015-08-01,Weekend,1700,2-Car,No injury/unknown,FAILURE TO YIELD RIGHT OF WAY,10TH & GRANT,39.171696,-86.529696,"39.171696,-86.529696",40,Clear,Waxing Gibbous
902388643,2015-02-05,Weekday,2200,2-Car,No injury/unknown,FAILURE TO YIELD RIGHT OF WAY,3RD & WALNUT,39.16464,-86.5336,"39.16464,-86.5336",42,Clear,Waxing Gibbous
902501061,2015-08-01,Weekend,1200,1-Car,Non-incapacitating,RAN OFF ROAD RIGHT,RATLIFF & THOMAS,38.8975569,-86.63040988,"38.8975569,-86.63040988",0,Clear,Waxing Gibbous
902389058,2015-02-06,Weekday,1100,2-Car,No injury/unknown,,BURKS,39.152352,-86.5064,"39.152352,-86.5064",6,Clear,Waxing Gibbous
902430772,2015-04-07,Weekend,1200,2-Car,No injury/unknown,FAILURE TO YIELD RIGHT OF WAY,RHORER & WALNUT STREET,39.12141994,-86.53134986,"39.12141994,-86.53134986",0,Patchy rain possible,Waning Gibbous
902514198,2015-09-05,Weekday,1100,2-Car,No injury/unknown,DISREGARD SIGNAL/REG SIGN,10TH & SR46W,39.171648,-86.502096,"39.171648,-86.502096",5,Clear,Last Quarter
902403226,2015-02-02,Weekday,2100,1-Car,No injury/unknown,UNSAFE SPEED,MT CARMEL & NORTH COUNTY LINE,39.296352,-86.684896,"39.296352,-86.684896",1,Light freezing rain,Waxing Gibbous
902515407,2015-09-07,Weekend,1000,2-Car,Non-incapacitating,FOLLOWING TOO CLOSELY,N COLLEGE & W 11TH,39.173232,-86.534752,"39.173232,-86.534752",39,Clear,Last Quarter
902456682,2015-06-05,Weekday,1200,2-Car,No injury/unknown,UNSAFE BACKING,N BELL TRACE,39.16981973,-86.48916542,"39.16981973,-86.48916542",5,Partly cloudy,Waning Gibbous
902375867,2015-01-07,Weekend,1200,2-Car,No injury/unknown,IMPROPER TURNING,JORDAN & THIRD,39.16427532,-86.51640856,"39.16427532,-86.51640856",19,Overcast,Waxing Gibbous
902482778,2015-07-03,Weekday,1600,2-Car,No injury/unknown,FAILURE TO YIELD RIGHT OF WAY,S FAIRFAX & SMITHVILLE,39.071152,-86.503088,"39.071152,-86.503088",0,Moderate or heavy rain shower,Waxing Gibbous
902440814,2015-05-03,Weekday,1800,Cyclist,Incapacitating,FAILURE TO YIELD RIGHT OF WAY,E RAMP CREEK & S FAIRFAX,39.07114998,-86.50319002,"39.07114998,-86.50319002",0,Clear,Full Moon
902399407,2015-02-07,Weekend,1100,2-Car,No injury/unknown,OTHER (DRIVER) - EXPLAIN IN NARRATIVE,N ROGERS,39.165696,-86.538592,"39.165696,-86.538592",43,Clear,Waning Gibbous
902427122,2015-04-06,Weekday,1700,2-Car,No injury/unknown,DRIVER DISTRACTED - EXPLAIN IN NARRATIVE,6TH & ROGERS,39.16768,-86.538592,"39.16768,-86.538592",42,Clear,Waxing Gibbous
902592578,2015-12-06,Weekday,1100,3+ Cars,No injury/unknown,FOLLOWING TOO CLOSELY,3RD & COLLEGE MALL,39.16424,-86.4984,"39.16424,-86.4984",6,Clear,Waning Crescent
902386362,2015-02-03,Weekday,1700,2-Car,No injury/unknown,FAILURE TO YIELD RIGHT OF WAY,N CURRY & W VERNAL,39.179248,-86.5832,"39.179248,-86.5832",4,Clear,Full Moon
902504613,2015-08-04,Weekday,1400,2-Car,No injury/unknown,UNSAFE BACKING,W FULLERTON,39.123376,-86.58224,"39.123376,-86.58224",0,Clear,Waning Gibbous
902434505,2015-04-06,Weekend,1900,2-Car,No injury/unknown,UNSAFE BACKING,N WALNUT,39.232544,-86.540704,"39.232544,-86.540704",0,Clear,Waxing Gibbous
902547203,2015-10-03,Weekday,1700,2-Car,Non-incapacitating,FOLLOWING TOO CLOSELY,CONSTITUTION & LIBERTY,39.14872891,-86.57591446,"39.14872891,-86.57591446",1,Heavy rain at times,Waning Gibbous
902439207,2015-05-02,Weekday,800,1-Car,No injury/unknown,DRIVER ASLEEP OR FATIGUED,S LEONARD SPRINGS & SR45W,39.14190066,-86.5828886,"39.14190066,-86.5828886",1,Clear,Waxing Gibbous
902396086,2015-02-03,Weekday,1000,2-Car,No injury/unknown,FAILURE TO YIELD RIGHT OF WAY,W 3RD,39.16424,-86.48434743,"39.16424,-86.48434743",6,Clear,Full Moon
902525211,2015-09-02,Weekday,2300,2-Car,No injury/unknown,FOLLOWING TOO CLOSELY,SOUTH ROGERS & WEST GRAHAM,39.13992,-86.538416,"39.13992,-86.538416",2,Clear,Waning Gibbous
902447989,2015-05-03,Weekday,1500,2-Car,No injury/unknown,UNSAFE BACKING,COMMON & WESTMINSTER,39.13298026,-86.52176029,"39.13298026,-86.52176029",1,Clear,Full Moon
902530804,2015-09-04,Weekday,2100,2-Car,No injury/unknown,IMPROPER LANE USAGE,COTTAGE GROVE & INDIANA,39.17264,-86.52880426,"39.17264,-86.52880426",40,Clear,Waning Gibbous
902444315,2015-05-03,Weekday,500,1-Car,No injury/unknown,RAN OFF ROAD RIGHT,SR37S & VICTOR,39.105552,-86.551104,"39.105552,-86.551104",0,Clear,Full Moon